{
	"$schema": "https://raw.githubusercontent.com/martinring/tmlanguage/master/tmlanguage.json",
	"name": "Lang Configuration file",
	"patterns": [
		{
			"include": "#keywords"
		},
		{
			"include": "#strings"
		},
		{
			"include": "#comments"
		}
	],
	"repository": {
		"keywords": {
			"patterns": [
				{
					"name": "keyword.control.p3s",
					"match": "(Aim|AreaEvent|AttributeProgressBar|AvoidProhibitedArea|Blockbegin|BlockEnd|ChangeAttr|CheckAttr|ClearMem|Crouch|EntFireInput|EntFireUser|ExecutePattern|Face|FireEvent|FreeMovement|FreeMovementParams|Gesture|IfAttr|LookAt|MoveToLean|MoveToTarget|Pattern|PlayerFriendly|RemoveAttr|Repeat|ResetTarget|Say|Senses|Sequence|SetAreaGroup|SetAttr|SetHintGroup|SetSquad|SetSquadRelation|State|StateMatrix|TargetEnemy|TargetEntByName|TargetFromMem|TargetPlayer|Timer|Wait|WaitForEnd|Weapon Select|^[A-Z]+$)"
				},
				{
					"name": "support.function",
					"match": "(\\s[a-z]+_)|(^[a-z]+_)|(^[a-z]+)|([a-z]+.p3s)"
				},
				{
					"name": "support.class",
					"match": "[a-z0-9+_]"
				},
				{
					"name": "constant.numeric",
					"match": "\\s([0-9])+"
				}
			]
		},
		"strings": {
			"name": "string.quoted.double.p3s",
			"begin": "\"",
			"end": "\"",
			"patterns": [
				{
					"name": "variable",
					"match": "\\\\."
				}
			]
		},
		"comments": {
			"patterns": [
				{
					"name": "comment.line.double-slash",
					"match": "//(.*)$"
				}
			]
		}
	},
	"scopeName": "text.source.p3s"
}